id,name,type,typecode,address,tel,pcode,pname,citycode,cityname,adcode,adname,bigType,midType,smallType,lon_gcj02,lat_gcj02,lon_wgs84,lat_wgs84
B073D00ICW,埃索加油站(石排湾马路),汽车服务;加油站;埃索,010111,石排湾马路,[],820000,澳门特别行政区,1853,澳门特别行政区,820008,圣方济各堂区,汽车服务,加油站,埃索,113.559523,22.121583,113.55445136192805,22.124515787427825
B0K6SS1BAV,南光加油站,汽车服务;加油站;加油站,010100,莲花海滨大马路E1010铺,[],820000,澳门特别行政区,1853,澳门特别行政区,820007,路氹填海区,汽车服务,加油站,加油站,113.557284,22.141907,113.55220568586186,22.144843631257675
B073D00IIJ,南光加油站,汽车服务;加油站;加油站,010100,嘉乐庇总督马路与路凼连贯公路圆形地交叉口北40米,[],820000,澳门特别行政区,1853,澳门特别行政区,820006,嘉模堂区,汽车服务,加油站,加油站,113.569093,22.1488,113.56404032432698,22.15175988556452
B073D0M6EX,中国石化加油站(孙逸仙博士大马路),汽车服务;加油站;中国石化,010101,孙逸仙博士大马路26A及26B地段,[],820000,澳门特别行政区,1853,澳门特别行政区,820006,嘉模堂区,汽车服务,加油站,中国石化,113.564777,22.154691,113.55971509225613,22.15764630267041
B073D0M45B,富利来汽车美容,汽车服务;汽车养护/装饰;汽车养护,010400,牧场街与工厂街交叉口东60米,[],820000,澳门特别行政区,1853,澳门特别行政区,820001,花地玛堂区,汽车服务,汽车养护/装饰,汽车养护,113.552172,22.212112,113.54707619286988,22.215063762573067
B0ID712O5J,宋玉生广场停车场充电站,汽车服务;充电站;充电站,011100,澳门宋玉生公园下面,[],820000,澳门特别行政区,1853,澳门特别行政区,820004,大堂区,汽车服务,充电站,充电站,113.555841,22.185834,113.55075631119936,22.188784314437243
B0ID712FTS,伦敦街充电站,汽车服务;充电站;充电站,011100,伦敦街,[],820000,澳门特别行政区,1853,澳门特别行政区,820004,大堂区,汽车服务,充电站,充电站,113.558377,22.18592,113.55329853187207,22.18887536158372
B073D00BMG,埃索加油站(联国学校幼稚园东),汽车服务;加油站;埃索,010111,友谊大马路427号,[],820000,澳门特别行政区,1853,澳门特别行政区,820004,大堂区,汽车服务,加油站,埃索,113.552821,22.187545,113.54772846963093,22.190489646223245
B0FFIQT57A,加德士加油站,汽车服务;加油站;加德士,010105,嘉模堂区史伯泰海军将军马路,00853-28837113,820000,澳门特别行政区,1853,澳门特别行政区,820006,嘉模堂区,汽车服务,加油站,加德士,113.557564,22.159562,113.5524852443852,22.16250602665586
B0KRRUYJGM,蔚来能源超级充电站(澳门科学馆),汽车服务;充电站;充电站,011100,澳门半岛孙逸仙大马路渔人码头南侧,[],820000,澳门特别行政区,1853,澳门特别行政区,820004,大堂区,汽车服务,充电站,充电站,113.562675,22.184326,113.55760660469652,22.187288729112616
B0FFGK3423,汽车充电站(佛山街),汽车服务;充电站;充电站,011100,佛山街56号,[],820000,澳门特别行政区,1853,澳门特别行政区,820004,大堂区,汽车服务,充电站,充电站,113.550959,22.187439,113.5458615430222,22.190379574915195
B0ID711942,艺园停车场充电站,汽车服务;充电站;充电站,011100,澳门艺园下面,[],820000,澳门特别行政区,1853,澳门特别行政区,820004,大堂区,汽车服务,充电站,充电站,113.553887,22.18752,113.54879723918754,22.190466891750862
B0ID713FU6,柏涛停车场充电站,汽车服务;充电站;充电站,011100,澳门佛山街财神酒店,[],820000,澳门特别行政区,1853,澳门特别行政区,820004,大堂区,汽车服务,充电站,充电站,113.551115,22.187513,113.5460179563522,22.190453943888137
B0ID7127YE,氹仔海洋大马路充电站,汽车服务;充电站;充电站,011100,海洋大马路,[],820000,澳门特别行政区,1853,澳门特别行政区,820006,嘉模堂区,汽车服务,充电站,充电站,113.546718,22.159805,113.54161062585123,22.162725747080383
B0ID711943,澳门柏林街充电站,汽车服务;充电站;充电站,011100,柏林街,[],820000,澳门特别行政区,1853,澳门特别行政区,820004,大堂区,汽车服务,充电站,充电站,113.556181,22.188036,113.55109701969876,22.19098778907244
B073D00BFL,壳牌加油站(碧涛花园),汽车服务;加油站;壳牌,010103,友谊大马路850号碧涛花园,00853-28701682,820000,澳门特别行政区,1853,澳门特别行政区,820004,大堂区,汽车服务,加油站,壳牌,113.556142,22.188485,113.55105789385284,22.19143687075229
B0ID71281K,柏佳停车场充电站,汽车服务;充电站;充电站,011100,澳门友谊广场下面,[],820000,澳门特别行政区,1853,澳门特别行政区,820004,大堂区,汽车服务,充电站,充电站,113.546729,22.187682,113.54161987251597,22.190613064413835
B0KKGGAZCU,瀛海汽车租赁服务有限公司,汽车服务;汽车租赁;汽车租赁,010900,"北京街126号,Edificio Comercial I Tak,23楼E室",00853-28752688,820000,澳门特别行政区,1853,澳门特别行政区,820004,大堂区,汽车服务,汽车租赁,汽车租赁,113.552819,22.188685,113.54772639153008,22.191630048846744
B0I1G71S10,人气车荟,汽车服务;汽车服务相关;汽车服务相关,010000,海洋花园大马路522-526号海洋广场3楼J3铺,00853-65215900,820000,澳门特别行政区,1853,澳门特别行政区,820006,嘉模堂区,汽车服务,汽车服务相关,汽车服务相关,113.54911,22.157989,113.54400940682464,22.16091455515563
B0ID712FSC,何贤公园停车场充电站,汽车服务;充电站;充电站,011100,澳门何贤公园下面,[],820000,澳门特别行政区,1853,澳门特别行政区,820004,大堂区,汽车服务,充电站,充电站,113.554476,22.18917,113.54938764521548,22.19211870862189
B0KUK6W527,Tesla Approved Body Shop合盈特斯拉授权钣喷中心,汽车服务;汽车服务相关;汽车服务相关,010000,工业园南街与工业园大马路交叉口东北60米,00853-28578038,820000,澳门特别行政区,1853,澳门特别行政区,820001,花地玛堂区,汽车服务,汽车服务相关,汽车服务相关,113.540195,22.206022,113.53506556454634,22.208943543896424
B0KB699E2X,车海洋智能自助洗车(青洲河边马路店),汽车服务;洗车场;洗车场,010500,圣若瑟大学附近,[],820000,澳门特别行政区,1853,澳门特别行政区,820001,花地玛堂区,汽车服务,洗车场,洗车场,113.544292,22.207616,113.53917461190947,22.210548218834813
B0ID71283O,青涛大厦停车场充电站,汽车服务;充电站;充电站,011100,青涛大厦,[],820000,澳门特别行政区,1853,澳门特别行政区,820001,花地玛堂区,汽车服务,充电站,充电站,113.545732,22.207926,113.54061874135532,22.21086176728496
B0J2FC5IDC,中国石化加油站,汽车服务;加油站;中国石化,010101,沙梨头北街与青洲大马路交叉口南60米,[],820000,澳门特别行政区,1853,澳门特别行政区,820001,花地玛堂区,汽车服务,加油站,中国石化,113.546338,22.207149,113.54122651765496,22.21008593355109
B0FFI7GVKK,东溢汽车音响,汽车服务;汽车配件销售;汽车配件销售,010800,青洲河边马路与青洲里交叉口东20米,[],820000,澳门特别行政区,1853,澳门特别行政区,820001,花地玛堂区,汽车服务,汽车配件销售,汽车配件销售,113.543571,22.206787,113.53845156330183,22.20971718958708
B0K1JZ7JFE,亚比利车行,汽车服务;汽车服务相关;汽车服务相关,010000,澳门青洲河边马路福德新村荣德楼234号铺,[],820000,澳门特别行政区,1853,澳门特别行政区,820001,花地玛堂区,汽车服务,汽车服务相关,汽车服务相关,113.543097,22.206871,113.5379761675091,22.20980006071653
B0I3LS09NT,梦想汽车,汽车服务;汽车服务相关;汽车服务相关,010000,青洲河边马路1287号,[],820000,澳门特别行政区,1853,澳门特别行政区,820001,花地玛堂区,汽车服务,汽车服务相关,汽车服务相关,113.545068,22.209016,113.53995276625884,22.211950556297403
B073D00C1Q,力新汽车用品调色,汽车服务;汽车配件销售;汽车配件销售,010800,鸭涌巷与鸭涌马路交叉口南40米,[],820000,澳门特别行政区,1853,澳门特别行政区,820001,花地玛堂区,汽车服务,汽车配件销售,汽车配件销售,113.544788,22.209524,113.53967192610136,22.212458057557782
B0KBTUWYQ7,金轮车业,汽车服务;汽车服务相关;汽车服务相关,010000,收容所街19号美居广场第一座地下B铺,15338164455,820000,澳门特别行政区,1853,澳门特别行政区,820001,花地玛堂区,汽车服务,汽车服务相关,汽车服务相关,113.547202,22.207219,113.54209295412262,22.210157975958484
B0K3MZRH09,华记汽车零件有限公司,汽车服务;汽车救援;汽车救援,010700,沙梨头北街180号,00853-66806421,820000,澳门特别行政区,1853,澳门特别行政区,820001,花地玛堂区,汽车服务,汽车救援,汽车救援,113.547135,22.206448,113.5420258151154,22.20938655817381
B0JD2AKCY5,新台车业(美居广场店),汽车服务;汽车服务相关;汽车服务相关,010000,和乐大马路271号美居广场第二期第一座永胜阁地下AH座,[],820000,澳门特别行政区,1853,澳门特别行政区,820001,花地玛堂区,汽车服务,汽车服务相关,汽车服务相关,113.547296,22.207824,113.54218717944757,22.210763399421143
B0I3HZ6P4L,明兴车行,汽车服务;汽车服务相关;汽车服务相关,010000,花地玛堂区收容所街76号,[],820000,澳门特别行政区,1853,澳门特别行政区,820001,花地玛堂区,汽车服务,汽车服务相关,汽车服务相关,113.547347,22.206843,113.54223838547183,22.20978218465409
B0ID71194I,青葱大厦停车场充电站,汽车服务;充电站;充电站,011100,澳门青洲坊青葱大厦内,[],820000,澳门特别行政区,1853,澳门特别行政区,820001,花地玛堂区,汽车服务,充电站,充电站,113.546669,22.209213,113.54155832337226,22.212151408733483
B0ID7138TL,青翠楼停车场充电站,汽车服务;充电站;充电站,011100,澳门青洲新马路青洲社屋,[],820000,澳门特别行政区,1853,澳门特别行政区,820001,花地玛堂区,汽车服务,充电站,充电站,113.543004,22.209613,113.53788271794654,22.21254276137317
B073D0M7IB,拍力汽车服务中心,汽车服务;汽车服务相关;汽车服务相关,010000,青洲河边马路1186号,00853-28233228,820000,澳门特别行政区,1853,澳门特别行政区,820001,花地玛堂区,汽车服务,汽车服务相关,汽车服务相关,113.544186,22.20989,113.5390681580356,22.21282273182059
B073D00E7T,义兴行汽车零件澳门有限公司,汽车服务;汽车配件销售;汽车配件销售,010800,沙梨头北街与青洲街交叉口东南60米,[],820000,澳门特别行政区,1853,澳门特别行政区,820001,花地玛堂区,汽车服务,汽车配件销售,汽车配件销售,113.547345,22.205683,113.54223645418716,22.20862178506645
B0K3MZQTN8,青洲上街,汽车服务;汽车租赁;汽车租赁,010900,青洲上街no 51号Refuse chamber at,[],820000,澳门特别行政区,1853,澳门特别行政区,820001,花地玛堂区,汽车服务,汽车租赁,汽车租赁,113.541616,22.206506,113.53649080334942,22.209431277911104
B0ID712869,快盈大厦停车场充电站,汽车服务;充电站;充电站,011100,俾若翰街/筷子基北街,[],820000,澳门特别行政区,1853,澳门特别行政区,820001,花地玛堂区,汽车服务,充电站,充电站,113.544935,22.203895,113.53981971136471,22.20682749555946
B073D0M6XP,溢利汽车零件行,汽车服务;汽车配件销售;汽车配件销售,010800,绿杨花园第2座,00853-28222390,820000,澳门特别行政区,1853,澳门特别行政区,820001,花地玛堂区,汽车服务,汽车配件销售,汽车配件销售,113.546394,22.204478,113.54128284779816,22.207414154574856
B0GRCZCQ64,G站汽车服务中心,汽车服务;汽车服务相关;汽车服务相关,010000,青州和乐大马路永胜阁第二期245号地下G座,[],820000,澳门特别行政区,1853,澳门特别行政区,820001,花地玛堂区,汽车服务,汽车服务相关,汽车服务相关,113.547925,22.206202,113.54281804302772,22.20914230098165
B0ID7131YI,青怡大厦停车场充电站,汽车服务;充电站;充电站,011100,位於澳门青怡大厦内之停车场,[],820000,澳门特别行政区,1853,澳门特别行政区,820001,花地玛堂区,汽车服务,充电站,充电站,113.548728,22.207896,113.54362316174544,22.21083871236551
B0JGFZNF9I,PROJECT.C汽车贴膜美容工作室,汽车服务;汽车服务相关;汽车服务相关,010000,和乐坊二街44号宏昌大厦地下R,[],820000,澳门特别行政区,1853,澳门特别行政区,820001,花地玛堂区,汽车服务,汽车服务相关,汽车服务相关,113.548853,22.206338,113.54374860628069,22.209280467030823
B0KA2CC3YD,Car Beauty-贴膜美容部,汽车服务;汽车养护/装饰;汽车养护,010400,"和乐坊二街50号,Edificio Wang On,Cheong P",[],820000,澳门特别行政区,1853,澳门特别行政区,820001,花地玛堂区,汽车服务,汽车养护/装饰,汽车养护,113.548816,22.206446,113.54371149737386,22.20938841981373
B073D00F2Y,森健洗车汽车美容店,汽车服务;汽车养护/装饰;汽车养护,010400,和乐坊一街与青洲街交叉口北40米,[],820000,澳门特别行政区,1853,澳门特别行政区,820001,花地玛堂区,汽车服务,汽车养护/装饰,汽车养护,113.549019,22.206979,113.54391502223416,22.209922061235936
B0KDOLWLWF,皇者汽车美容维修中心,汽车服务;汽车养护/装饰;汽车养护,010400,宏昌大厦40号,[],820000,澳门特别行政区,1853,澳门特别行政区,820001,花地玛堂区,汽车服务,汽车养护/装饰,汽车养护,113.548851,22.206165,113.54374661184856,22.20910740358894
B0KKV51Y5O,极氪澳门售后服务中心,汽车服务;汽车服务相关;汽车服务相关,010000,青洲河边马路338号,[],820000,澳门特别行政区,1853,澳门特别行政区,820001,花地玛堂区,汽车服务,汽车服务相关,汽车服务相关,113.540238,22.206318,113.53510867558536,22.20923975353784
B073D00DC2,世界汽车零件(和乐坊一街),汽车服务;汽车配件销售;汽车配件销售,010800,和乐坊一街37号,[],820000,澳门特别行政区,1853,澳门特别行政区,820001,花地玛堂区,汽车服务,汽车配件销售,汽车配件销售,113.549026,22.206258,113.54392208765884,22.20920083183729
B0HR4AY5QP,丰达汽车轮胎,汽车服务;汽车配件销售;汽车配件销售,010800,白朗古将军大马路与青洲街交叉口西北20米,[],820000,澳门特别行政区,1853,澳门特别行政区,820001,花地玛堂区,汽车服务,汽车配件销售,汽车配件销售,113.549509,22.20696,113.54440636696376,22.20990415991815
B0KR05MEWM,Body Repair And Service,汽车服务;汽车服务相关;汽车服务相关,010000,白朗古将军街10号,[],820000,澳门特别行政区,1853,澳门特别行政区,820001,花地玛堂区,汽车服务,汽车服务相关,汽车服务相关,113.549242,22.206068,113.544138693025,22.20901125522548
B0FFG83W4H,南光石油加油站(李宝椿街),汽车服务;加油站;加油站,010100,台山新城市第一巷与李宝椿街交叉口西北20米,[],820000,澳门特别行政区,1853,澳门特别行政区,820001,花地玛堂区,汽车服务,加油站,加油站,113.549778,22.209419,113.54467594357436,22.21236459600853
B073D00CJM,新洗车屋汽车用品中心,汽车服务;汽车养护/装饰;汽车养护,010400,俾若翰街与和乐坊二街交叉口东南40米,[],820000,澳门特别行政区,1853,澳门特别行政区,820001,花地玛堂区,汽车服务,汽车养护/装饰,汽车养护,113.549359,22.205003,113.54425608186946,22.20794615563901
B073D00BHB,日励车行,汽车服务;二手车交易;二手车交易,011000,青洲大马路台山中街逸丽花园第5座328号地下,00853-28381362,820000,澳门特别行政区,1853,澳门特别行政区,820001,花地玛堂区,汽车服务,二手车交易,二手车交易,113.549849,22.208368,113.54474720420548,22.21131339958991
B0FFHWSB89,盈富专业汽车美容,汽车服务;汽车养护/装饰;汽车养护,010400,"328号台山中街,澳门",[],820000,澳门特别行政区,1853,澳门特别行政区,820001,花地玛堂区,汽车服务,汽车养护/装饰,汽车养护,113.550087,22.208415,113.54498584800234,22.21136094668272
B073D00CWY,极速汽车美容,汽车服务;汽车养护/装饰;汽车养护,010400,花地玛堂区苏沙医生街23号附近,[],820000,澳门特别行政区,1853,澳门特别行政区,820001,花地玛堂区,汽车服务,汽车养护/装饰,汽车养护,113.550501,22.207957,113.54540099775004,22.210903711012588
B0IADDW8WN,星星充电汽车充电站(澳门快富楼)(暂停营业),汽车服务;充电站;充电站,011100,花地玛堂区筷子基巷,4008280768,820000,澳门特别行政区,1853,澳门特别行政区,820001,花地玛堂区,汽车服务,充电站,充电站,113.551,22.2068,113.54590141430045,22.209747418781244
B0KDY9Z1NX,853 car services,汽车服务;汽车服务相关;汽车服务相关,010000,"菜园涌北街218号,Vai Yin Garden(bloco B)地下K座",00853-68011182,820000,澳门特别行政区,1853,澳门特别行政区,820001,花地玛堂区,汽车服务,汽车服务相关,汽车服务相关,113.549244,22.211109,113.54414037567588,22.21405396508325
B073D00ALB,南光石油豪江加油站(菜园涌边街),汽车服务;加油站;加油站,010100,菜园涌北街与菜园涌巷交叉口南60米,[],820000,澳门特别行政区,1853,澳门特别行政区,820001,花地玛堂区,汽车服务,加油站,加油站,113.550814,22.2105,113.54571467808071,22.21344826104725
B073D00C87,朝阳洗车行,汽车服务;洗车场;洗车场,010500,李宝椿街与台山新城市第一巷交叉口东北20米,[],820000,澳门特别行政区,1853,澳门特别行政区,820001,花地玛堂区,汽车服务,洗车场,洗车场,113.550912,22.209334,113.54581301599264,22.212282083803537
B0FFJT1F0P,中信汽车交易中心,汽车服务;汽车服务相关;汽车服务相关,010000,菜园涌北街Vai Yin Garden(bloco B),00853-68815885,820000,澳门特别行政区,1853,澳门特别行政区,820001,花地玛堂区,汽车服务,汽车服务相关,汽车服务相关,113.549817,22.21107,113.54471494407446,22.21401623923031
B073D00ALP,名驱汽车有限公司,汽车服务;二手车交易;二手车交易,011000,菜园涌北街160号,00853-28432998,820000,澳门特别行政区,1853,澳门特别行政区,820001,花地玛堂区,汽车服务,二手车交易,二手车交易,113.550011,22.211048,113.54490947308496,22.21399466517249
B0JK1CHVLE,养车先生汽车服务,汽车服务;汽车养护/装饰;汽车养护,010400,菜园涌北街与菜园涌巷交叉口南80米,[],820000,澳门特别行政区,1853,澳门特别行政区,820001,花地玛堂区,汽车服务,汽车养护/装饰,汽车养护,113.550616,22.210209,113.5455161637569,22.21315672617996
B073D00GUW,汇通行,汽车服务;汽车配件销售;汽车配件销售,010800,罅些喇提督大马路465-A,[],820000,澳门特别行政区,1853,澳门特别行政区,820002,花王堂区,汽车服务,汽车配件销售,汽车配件销售,113.55054,22.203916,113.54544036164836,22.206861420258683
B0JALX94ER,淦桦汽车服务,汽车服务;汽车服务相关;汽车服务相关,010000,台山新城市第三街与李宝椿街交叉口北60米,[],820000,澳门特别行政区,1853,澳门特别行政区,820001,花地玛堂区,汽车服务,汽车服务相关,汽车服务相关,113.551161,22.209723,113.5460626585018,22.21267176176886
B0JK1CJZG3,海马牌产品专卖店,汽车服务;汽车配件销售;汽车配件销售,010800,罅些喇提督大马路与罅些喇提督市北街交叉口西20米,[],820000,澳门特别行政区,1853,澳门特别行政区,820002,花王堂区,汽车服务,汽车配件销售,汽车配件销售,113.549709,22.20279,113.54460717994736,22.205733183549768
B0LGP5N860,粤港澳车务专家,汽车服务;汽车服务相关;汽车服务相关,010000,菜园涌边街与牧场街交叉口西80米,[],820000,澳门特别行政区,1853,澳门特别行政区,820001,花地玛堂区,汽车服务,汽车服务相关,汽车服务相关,113.550907,22.210335,113.54580793849394,22.213283410265174
B0FFKZA93N,合和车行,汽车服务;汽车服务相关;汽车服务相关,010000,菜园涌边街与牧场街交叉口西南60米,[],820000,澳门特别行政区,1853,澳门特别行政区,820001,花地玛堂区,汽车服务,汽车服务相关,汽车服务相关,113.551083,22.21018,113.5459844204179,22.213128744753355
B0L6YH10CG,尚·汽车美容,汽车服务;汽车养护/装饰;汽车养护,010400,菜园涌北街64号澳门大厦A座地下79-81号,[],820000,澳门特别行政区,1853,澳门特别行政区,820001,花地玛堂区,汽车服务,汽车养护/装饰,汽车养护,113.550794,22.211095,113.5456945862205,22.2140434170244
B0FFHWSD7S,华君利泰汽车美容,汽车服务;汽车养护/装饰;汽车养护,010400,菜园涌巷与牧场巷交叉口南20米,00853-66869920,820000,澳门特别行政区,1853,澳门特别行政区,820001,花地玛堂区,汽车服务,汽车养护/装饰,汽车养护,113.550507,22.211258,113.5454068026201,22.214205837846105
B0LG37BSVB,蓝图汽车服务,汽车服务;汽车服务相关;汽车服务相关,010000,菜园涌北街64号,[],820000,澳门特别行政区,1853,澳门特别行政区,820001,花地玛堂区,汽车服务,汽车服务相关,汽车服务相关,113.550832,22.211004,113.54573269419954,22.21395247017436
B0JUDHT4X7,MYMOS车业,汽车服务;汽车服务相关;汽车服务相关,010000,菜园涌北街68号,19168854247,820000,澳门特别行政区,1853,澳门特别行政区,820001,花地玛堂区,汽车服务,汽车服务相关,汽车服务相关,113.551039,22.210989,113.54594025073588,22.213937920343763
B0K3MZM4V9,骑士专业汽车美容,汽车服务;汽车养护/装饰;汽车养护,010400,美副将大马路70-84号,00853-66869516,820000,澳门特别行政区,1853,澳门特别行政区,820001,花地玛堂区,汽车服务,汽车养护/装饰,汽车养护,113.551806,22.203749,113.54670975936564,22.20669713673448
B0KRHZRQ7G,启基汽车零件行,汽车服务;汽车配件销售;汽车配件销售,010800,牧场街新城市工业大厦,[],820000,澳门特别行政区,1853,澳门特别行政区,820001,花地玛堂区,汽车服务,汽车配件销售,汽车配件销售,113.551566,22.211173,113.5464686465636,22.214123134445767
B0K3MZNN0S,Toyota Macau,汽车服务;汽车服务相关;汽车服务相关,010000,美副将大马路48号号万基工业大厦地下48D,00853-87919386,820000,澳门特别行政区,1853,澳门特别行政区,820001,花地玛堂区,汽车服务,汽车服务相关,汽车服务相关,113.552599,22.203463,113.54750487014653,22.20641274785555
B073D0M7IA,骏威车行,汽车服务;二手车交易;二手车交易,011000,田畔街9-A,[],820000,澳门特别行政区,1853,澳门特别行政区,820002,花王堂区,汽车服务,二手车交易,二手车交易,113.546519,22.197696,113.54140863681064,22.20063010631963
B0KA2CDLXD,力记电单车美容,汽车服务;汽车养护/装饰;汽车养护|生活服务;生活服务场所;生活服务场所,010400|070000,罜累巷8号永发大厦,[],820000,澳门特别行政区,1853,澳门特别行政区,820002,花王堂区,汽车服务,汽车养护/装饰,汽车养护|生活服务,113.543783,22.199273,113.5386646649374,22.202201124237767
B0K10SVAWZ,千叶改汽车服务中心,汽车服务;汽车养护/装饰;汽车养护,010400,大兴街40号,[],820000,澳门特别行政区,1853,澳门特别行政区,820002,花王堂区,汽车服务,汽车养护/装饰,汽车养护,113.546858,22.198183,113.54174856418388,22.20111806878232
B0FFMADUUJ,新天地汽车美容护理,汽车服务;汽车养护/装饰;汽车养护,010400,爹美刁施拿地大马路与仁慕巷交叉口南20米,[],820000,澳门特别行政区,1853,澳门特别行政区,820002,花王堂区,汽车服务,汽车养护/装饰,汽车养护,113.542276,22.197797,113.53715332557772,22.20072091786504
B0JK1CJKQL,新新专业汽车美容护理,汽车服务;汽车养护/装饰;汽车养护,010400,爹美刁施拿地大马路与鱼鳞巷交叉口南20米,[],820000,澳门特别行政区,1853,澳门特别行政区,820002,花王堂区,汽车服务,汽车养护/装饰,汽车养护,113.542391,22.198603,113.53726861462272,22.201527482460488
B073D0M75F,成兴胶轮,汽车服务;汽车配件销售;汽车配件销售,010800,惠爱街1号,00853-28257488,820000,澳门特别行政区,1853,澳门特别行政区,820002,花王堂区,汽车服务,汽车配件销售,汽车配件销售,113.54649,22.199543,113.54137943628794,22.202477680188785
B0ID713FV1,沙梨头街市市政综合大楼停车场充电站,汽车服务;充电站;充电站,011100,沙梨头街市市政综合大楼第三层至第七层,[],820000,澳门特别行政区,1853,澳门特别行政区,820002,花王堂区,汽车服务,充电站,充电站,113.542337,22.199521,113.53721439575672,22.202445667724888
B073D0M75G,大兴汽车用品,汽车服务;汽车配件销售;汽车配件销售,010800,大兴街94-96,[],820000,澳门特别行政区,1853,澳门特别行政区,820002,花王堂区,汽车服务,汽车配件销售,汽车配件销售,113.546387,22.199913,113.5412761204896,22.20284756666642
B0K3MZROLZ,铁骑车业,汽车服务;汽车服务相关;汽车服务相关,010000,果栏街,00853-28922444,820000,澳门特别行政区,1853,澳门特别行政区,820002,花王堂区,汽车服务,汽车服务相关,汽车服务相关,113.543687,22.194852,113.53856866805155,22.19777834831881
B0KU3YADJY,新骏昇汽车美容,汽车服务;汽车养护/装饰;汽车养护,010400,"11-A Rde Espectacao de Almeida,Macao",00853-66176611,820000,澳门特别行政区,1853,澳门特别行政区,820002,花王堂区,汽车服务,汽车养护/装饰,汽车养护,113.547838,22.197561,113.54273135392371,22.20049812378505
B073D00JNI,永成车行,汽车服务;二手车交易;二手车交易,011000,同安街6号A,00853-28365709,820000,澳门特别行政区,1853,澳门特别行政区,820002,花王堂区,汽车服务,二手车交易,二手车交易,113.547125,22.195555,113.54201648487134,22.19848977326605
B073D00G6X,壳牌内港加油站,汽车服务;加油站;壳牌,010103,巴素打尔古街226号,[],820000,澳门特别行政区,1853,澳门特别行政区,820002,花王堂区,汽车服务,加油站,壳牌,113.541885,22.195519,113.53676131025266,22.198441153070107
B0IGTUIN32,展锐车业,汽车服务;汽车服务相关;汽车服务相关,010000,巴素打尔街225号三利大厦地下(十六浦油站对面),[],820000,澳门特别行政区,1853,澳门特别行政区,820002,花王堂区,汽车服务,汽车服务相关,汽车服务相关,113.542073,22.195686,113.5369498585628,22.198608678062385
B0JK1CGLSQ,飓风汽车服务,汽车服务;汽车服务相关;汽车服务相关,010000,先鸡街与田畔街交叉口东南20米,[],820000,澳门特别行政区,1853,澳门特别行政区,820002,花王堂区,汽车服务,汽车服务相关,汽车服务相关,113.547796,22.198206,113.54268919541312,22.201143251646585
B0K3MZQTJO,Easywash易洗电单车智能洗车屋(内港店),汽车服务;汽车养护/装饰;汽车养护,010400,爹美刁施拿地大马路95号,00853-63539002,820000,澳门特别行政区,1853,澳门特别行政区,820002,花王堂区,汽车服务,汽车养护/装饰,汽车养护,113.541729,22.195872,113.53660482294136,22.198793888818663
B0ID713FU5,柏港停车场充电站,汽车服务;充电站;充电站,011100,位於澳门内港介乎於爹美刁施拿地大马路及巴素打尔古街之间,[],820000,澳门特别行政区,1853,澳门特别行政区,820002,花王堂区,汽车服务,充电站,充电站,113.541813,22.195447,113.53668910050342,22.19836894891588
B0ID71287M,澳门博物馆前地充电站,汽车服务;充电站;充电站,011100,澳门博物馆前地,[],820000,澳门特别行政区,1853,澳门特别行政区,820002,花王堂区,汽车服务,充电站,充电站,113.547025,22.194895,113.54191624565075,22.197829309203208
B0JK1CIQGZ,信誉汽车美容有限公司,汽车服务;汽车养护/装饰;汽车养护,010400,信誉湾畔二座,[],820000,澳门特别行政区,1853,澳门特别行政区,820002,花王堂区,汽车服务,汽车养护/装饰,汽车养护,113.545347,22.200863,113.54023309122456,22.20379543588665
B0LGT10AVF,HYBRID PRO SHOP MACAU-Beauty Services,汽车服务;汽车养护/装饰;汽车养护,010400,"MacaoRda Alegria,40号,Edificio Wing Tak,A座",00853-62277272,820000,澳门特别行政区,1853,澳门特别行政区,820002,花王堂区,汽车服务,汽车养护/装饰,汽车养护,113.54737,22.199758,113.54226190392984,22.20269480625141
B073D00J6D,新品&中古,汽车服务;汽车配件销售;汽车配件销售,010800,花王堂区惠爱街40号,[],820000,澳门特别行政区,1853,澳门特别行政区,820002,花王堂区,汽车服务,汽车配件销售,汽车配件销售,113.547282,22.199776,113.54217365577756,22.202712608445083
B073D00K9G,加德士加油站,汽车服务;加油站;加德士,010105,花王堂区林茂海边大马路,00853-28381281,820000,澳门特别行政区,1853,澳门特别行政区,820002,花王堂区,汽车服务,加油站,加德士,113.543164,22.201331,113.5380437199038,22.20425832734528
B0K3MZTLZ2,EST义斯特汽车美容服务中心,汽车服务;汽车养护/装饰;汽车养护,010400,"草堆街Edificio Fok Seng,地下7-A",00853-65222537,820000,澳门特别行政区,1853,澳门特别行政区,820002,花王堂区,汽车服务,汽车养护/装饰,汽车养护,113.543347,22.194073,113.53822772265352,22.196998246284554
B073D00LLW,日骏车行,汽车服务;汽车配件销售;汽车配件销售,010800,俾利喇街3-A,00853-28550245,820000,澳门特别行政区,1853,澳门特别行政区,820002,花王堂区,汽车服务,汽车配件销售,汽车配件销售,113.548822,22.196352,113.54371816026668,22.19929095137668
B0ID7138T8,柏威停车场充电站,汽车服务;充电站;充电站,011100,澳门镜湖马路柏威大厦,[],820000,澳门特别行政区,1853,澳门特别行政区,820002,花王堂区,汽车服务,充电站,充电站,113.549075,22.195876,113.54397188709623,22.198815358136827
B0J2417AWK,星辰车业,汽车服务;汽车服务相关;汽车服务相关,010000,宝塔巷与草堆街交叉口西南40米,[],820000,澳门特别行政区,1853,澳门特别行政区,820004,大堂区,汽车服务,汽车服务相关,汽车服务相关,113.543327,22.193442,113.53820770446114,22.196366975388766
B073D00LNV,生记汽车零件行,汽车服务;汽车配件销售;汽车配件销售,010800,俾利喇街15-A,[],820000,澳门特别行政区,1853,澳门特别行政区,820002,花王堂区,汽车服务,汽车配件销售,汽车配件销售,113.54956,22.196944,113.5444581475427,22.19988482443154
B0KA2CF3TH,非凡动力-Timsun tires store,汽车服务;汽车服务相关;汽车服务相关,010000,贾伯乐提督街109号,[],820000,澳门特别行政区,1853,澳门特别行政区,820002,花王堂区,汽车服务,汽车服务相关,汽车服务相关,113.549267,22.19569,113.54416442600682,22.198629726650072
B073D0M6E3,信怡汽车服务有限公司,汽车服务;汽车养护/装饰;汽车养护,010400,望德堂区区华利街8号,00853-28523382,820000,澳门特别行政区,1853,澳门特别行政区,820003,望德堂区,汽车服务,汽车养护/装饰,汽车养护,113.549369,22.195489,113.54426671833082,22.198428886115263
B073D0M6FY,迈进二手车买卖行,汽车服务;二手车交易;二手车交易,011000,美珊枝街与新胜街交叉口西南40米,[],820000,澳门特别行政区,1853,澳门特别行政区,820003,望德堂区,汽车服务,二手车交易,二手车交易,113.549329,22.19497,113.54422664200196,22.19790961405712
B073D00CWH,宏益汽车租赁服务有限公司,汽车服务;汽车租赁;汽车租赁,010900,罅些喇提督大马路69、69-A,[],820000,澳门特别行政区,1853,澳门特别行政区,820002,花王堂区,汽车服务,汽车租赁,汽车租赁,113.548201,22.201512,113.54309511139289,22.20445132706717
B073D00IQZ,义兴行汽车材料(暂停营业),汽车服务;汽车配件销售;汽车配件销售,010800,沙梨头海边街50号D-E,00853-28569585,820000,澳门特别行政区,1853,澳门特别行政区,820002,花王堂区,汽车服务,汽车配件销售,汽车配件销售,113.543294,22.19938,113.53817422679006,22.202306970261688
B073D00C7L,世纪汽车美容中心,汽车服务;汽车养护/装饰;汽车养护,010400,花王堂区亚利鸦架街38-B,[],820000,澳门特别行政区,1853,澳门特别行政区,820002,花王堂区,汽车服务,汽车养护/装饰,汽车养护,113.550061,22.198475,113.54496041372258,22.20141747856262
B0FFIPNEWP,群益货车,汽车服务;汽车服务相关;汽车服务相关,010000,亚丰素雅布基街与贾伯乐提督街交叉口西北20米,00853-28333444,820000,澳门特别行政区,1853,澳门特别行政区,820002,花王堂区,汽车服务,汽车服务相关,汽车服务相关,113.550359,22.196853,113.54525932482169,22.19979557615334
B0I2UMP9AG,皓风汽车服务,汽车服务;汽车服务相关;汽车服务相关,010000,万安巷万安大厦14号,[],820000,澳门特别行政区,1853,澳门特别行政区,820002,花王堂区,汽车服务,汽车服务相关,汽车服务相关,113.548822,22.201384,113.54371783808246,22.20432469892972
B073D0M49V,陈雄记车行,汽车服务;汽车配件销售;汽车配件销售,010800,疯堂新街2号,[],820000,澳门特别行政区,1853,澳门特别行政区,820003,望德堂区,汽车服务,汽车配件销售,汽车配件销售,113.549465,22.193007,113.54436313987912,22.19594622979736
B073D00E8W,盈记行汽车音响用品中心,汽车服务;汽车配件销售;汽车配件销售,010800,"盈记行汽车音响用品中心Pedro Couto 7A,澳门",00853-28529850,820000,澳门特别行政区,1853,澳门特别行政区,820002,花王堂区,汽车服务,汽车配件销售,汽车配件销售,113.55158,22.198222,113.54648351248728,22.20116773688342
B0J2B1MDM5,Tomifans小车迷,汽车服务;汽车服务相关;汽车服务相关,010000,亚卑寮奴你士街与高伟乐街交叉口西南60米,[],820000,澳门特别行政区,1853,澳门特别行政区,820003,望德堂区,汽车服务,汽车服务相关,汽车服务相关,113.551509,22.194171,113.54641258260044,22.197115165552468
B073D00DYL,金龙车行,汽车服务;二手车交易;二手车交易,011000,飞能便度街41-C,[],820000,澳门特别行政区,1853,澳门特别行政区,820002,花王堂区,汽车服务,二手车交易,二手车交易,113.551911,22.198788,113.5468153550791,22.201734652318
B073D00LKT,永裕车行,汽车服务;二手车交易;二手车交易,011000,高地乌街30-B,[],820000,澳门特别行政区,1853,澳门特别行政区,820002,花王堂区,汽车服务,二手车交易,二手车交易,113.551987,22.198813,113.54689155470594,22.20175982548061
B0ID71280W,华士古达嘉马花园停车场充电站,汽车服务;充电站;充电站,011100,澳门华士古达嘉马花园下面,[],820000,澳门特别行政区,1853,澳门特别行政区,820003,望德堂区,汽车服务,充电站,充电站,113.551454,22.193229,113.54635749631544,22.19617271408558
B073D00DAL,骏荣车行,汽车服务;汽车服务相关;汽车服务相关,010000,雅廉访大马路111-C,[],820000,澳门特别行政区,1853,澳门特别行政区,820002,花王堂区,汽车服务,汽车服务相关,汽车服务相关,113.55111,22.202267,113.546011999145,22.205213109595537
B073D00DWU,新动力汽车服务中心,汽车服务;汽车配件销售;汽车配件销售,010800,和乐坊1街68号,00853-28515111,820000,澳门特别行政区,1853,澳门特别行政区,820002,花王堂区,汽车服务,汽车配件销售,汽车配件销售,113.552588,22.201778,113.54749394904734,22.2047271449148
B0KD01WFUM,Exotics Tuning Macau,汽车服务;汽车养护/装饰;汽车养护|公司企业;公司;公司,010400|170200,罗神父街与雅廉访大马路交叉口北60米,00853-63307373,820000,澳门特别行政区,1853,澳门特别行政区,820002,花王堂区,汽车服务,汽车养护/装饰,汽车养护|公司企业,113.552511,22.201954,113.54741673557596,22.204903040523806
B0FFKZMD0E,澳门港珠澳汽车服务有限公司,汽车服务;汽车服务相关;汽车服务相关,010000,妈阁上街与生雪巷交叉口北140米,00853-66281838,820000,澳门特别行政区,1853,澳门特别行政区,820005,风顺堂区,汽车服务,汽车服务相关,汽车服务相关,113.536573,22.182574,113.53143393659909,22.18547796012852
B0K3MZJ84R,ultimate automotive,汽车服务;洗车场;洗车场,010500,河边新街丰顺新村5座地下B,[],820000,澳门特别行政区,1853,澳门特别行政区,820005,风顺堂区,汽车服务,洗车场,洗车场,113.53635,22.184781,113.53121009804764,22.18768517003928
B0FFI7LXJ2,APC-Auto Parts Center,汽车服务;汽车配件销售;汽车配件销售,010800,"如意巷10号,Edificio Hong Nin",[],820000,澳门特别行政区,1853,澳门特别行政区,820005,风顺堂区,汽车服务,汽车配件销售,汽车配件销售,113.537098,22.184827,113.53196042711188,22.18773314866656
B0KDY9YU18,Queens Wash葵扇洗车俱乐部-妈阁,汽车服务;洗车场;洗车场,010500,"地下D澳门河边新街276号丰顺新村第二座,Macao",00853-66811800,820000,澳门特别行政区,1853,澳门特别行政区,820005,风顺堂区,汽车服务,洗车场,洗车场,113.536766,22.185305,113.53162736309304,22.18821045143289
B073D0M3I0,恒升车行,汽车服务;汽车租赁;汽车租赁,010900,澳门妈阁航海学校街丰顺新村第一座G铺,[],820000,澳门特别行政区,1853,澳门特别行政区,820005,风顺堂区,汽车服务,汽车租赁,汽车租赁,113.536703,22.185684,113.53156414234026,22.188589422345707
B0JK1CJZEU,威龙汽车服务中心有限公司,汽车服务;汽车服务相关;汽车服务相关,010000,高楼街与妈阁巷交叉口东40米,[],820000,澳门特别行政区,1853,澳门特别行政区,820005,风顺堂区,汽车服务,汽车服务相关,汽车服务相关,113.539221,22.185181,113.53408994348788,22.18809276636547
B0K279OMNO,狂奔24小时自助洗电单车,汽车服务;洗车场;洗车场,010500,河边新街Kam Ming Edf,00853-63132182,820000,澳门特别行政区,1853,澳门特别行政区,820005,风顺堂区,汽车服务,洗车场,洗车场,113.53784,22.186257,113.53270463430198,22.18916559460056
B0ID713FTC,河边新街停车场充电站,汽车服务;充电站;充电站,011100,澳门河边新街、货仓巷、比厘喇马忌士街及盐巷之间的大厦内,[],820000,澳门特别行政区,1853,澳门特别行政区,820005,风顺堂区,汽车服务,充电站,充电站,113.537823,22.187003,113.53268753386853,22.189911817739777
B073D00E4E,金龙胶轮,汽车服务;汽车配件销售;汽车配件销售,010800,河边新街与盐巷交叉口东20米,00853-28511172,820000,澳门特别行政区,1853,澳门特别行政区,820005,风顺堂区,汽车服务,汽车配件销售,汽车配件销售,113.538921,22.187862,113.53378885462384,22.190773958428203
B0KDY1RCDJ,Home,汽车服务;汽车服务相关;汽车服务相关,010000,澳门盐里,[],820000,澳门特别行政区,1853,澳门特别行政区,820005,风顺堂区,汽车服务,汽车服务相关,汽车服务相关,113.539858,22.187416,113.53472873830827,22.19033019171598
B0K3MZPJB5,尊电单车精品,汽车服务;汽车配件销售;汽车配件销售,010800,"太和巷3号,Edificio San Pong,地下B",[],820000,澳门特别行政区,1853,澳门特别行政区,820005,风顺堂区,汽车服务,汽车配件销售,汽车配件销售,113.54097,22.186865,113.53584413015255,22.189781802941624
B073D00H07,祥记行电池电器汽车用品,汽车服务;汽车配件销售;汽车配件销售,010800,河边新街66号,00853-28574012,820000,澳门特别行政区,1853,澳门特别行政区,820005,风顺堂区,汽车服务,汽车配件销售,汽车配件销售,113.539066,22.188606,113.53393425024232,22.191518595722844
B0FFJNLIE4,顺星车行,汽车服务;汽车服务相关;汽车服务相关,010000,群兴新街与聚宝街交叉口东40米,[],820000,澳门特别行政区,1853,澳门特别行政区,820005,风顺堂区,汽车服务,汽车服务相关,汽车服务相关,113.541746,22.190557,113.5366222146496,22.19347705809276
B0JK1CIQKA,超极速汽车美容保养,汽车服务;汽车养护/装饰;汽车养护,010400,聚宝街与夜呣巷交叉口西北20米,[],820000,澳门特别行政区,1853,澳门特别行政区,820005,风顺堂区,汽车服务,汽车养护/装饰,汽车养护,113.542039,22.190612,113.5369160830796,22.19353280537657
B0ID712814,柏宁停车场充电站,汽车服务;充电站;充电站,011100,澳门新马路民政总署后面,[],820000,澳门特别行政区,1853,澳门特别行政区,820005,风顺堂区,汽车服务,充电站,充电站,113.54433,22.189875,113.53921385982837,22.192801147804893
B0KDY1ZFF4,JH.骏汇专业汽车项目美容,汽车服务;汽车养护/装饰;汽车养护,010400,"地下A座,Edificio Wai Seng,蓬莱新巷12-A号,Macao",00853-68849898,820000,澳门特别行政区,1853,澳门特别行政区,820005,风顺堂区,汽车服务,汽车养护/装饰,汽车养护,113.541758,22.192034,113.53663415564591,22.194954610982105
B0FFGAVQ5H,埃索加油站(卢伯德圆形地),汽车服务;加油站;埃索,010111,澳门特别行政区嘉模堂区凼仔岛,[],820000,澳门特别行政区,1853,澳门特别行政区,820006,嘉模堂区,汽车服务,加油站,埃索,113.548345,22.154373,113.543242527305,22.157295429385226
B0HUFAVLZ5,I WASH 24小时电单车自助洗,汽车服务;洗车场;洗车场,010500,澳门东亚运大马路724号,[],820000,澳门特别行政区,1853,澳门特别行政区,820006,嘉模堂区,汽车服务,洗车场,洗车场,113.54945,22.150821,113.54435079661437,22.153744562859288
B0FFK608T4,力天车行,汽车服务;汽车服务相关;汽车服务相关,010000,东亚运大马路750号10号铺地下堤岸大厦,00853-28787859,820000,澳门特别行政区,1853,澳门特别行政区,820006,嘉模堂区,汽车服务,汽车服务相关,汽车服务相关,113.549758,22.150784,113.54465963952562,22.153708239702343
B0J26USLA0,江南胶轮汽车用品(氹仔店),汽车服务;汽车配件销售;汽车配件销售,010800,兴澳路1号,[],820000,澳门特别行政区,1853,澳门特别行政区,820006,嘉模堂区,汽车服务,汽车配件销售,汽车配件销售,113.549714,22.150702,113.54461552488657,22.153626109361035
B0ID71320J,港珠澳大桥边检大楼西停车场充电站,汽车服务;充电站;充电站,011100,澳门港珠澳人工岛境内停车场,[],820000,澳门特别行政区,1853,澳门特别行政区,820001,花地玛堂区,汽车服务,充电站,充电站,113.57973,22.199121,113.57469243593874,22.202112964460817
B0HR2AT4RN,道达尔加油站,汽车服务;加油站;道达尔,010110,劳动节大马路906号至936号,[],820000,澳门特别行政区,1853,澳门特别行政区,820001,花地玛堂区,汽车服务,加油站,道达尔,113.565526,22.203412,113.56046258478408,22.206386306657965
B0JUHHYYP0,淏悦汽车有限公司,汽车服务;汽车服务相关;汽车服务相关,010000,渔翁街28号,[],820000,澳门特别行政区,1853,澳门特别行政区,820001,花地玛堂区,汽车服务,汽车服务相关,汽车服务相关,113.565184,22.20231,113.56011992968676,22.20528336190141
B0KDY9VMBF,VFLY.Macau,汽车服务;汽车服务相关;汽车服务相关,010000,"MacaoRdos Pescadores,36-44号海景豪园地下B座",00853-68011489,820000,澳门特别行政区,1853,澳门特别行政区,820001,花地玛堂区,汽车服务,汽车服务相关,汽车服务相关,113.565223,22.201929,113.56015903692808,22.20490229551686
B0KDY9ZF85,新力士汽车服务,汽车服务;汽车服务相关;汽车服务相关,010000,"马揸度博士大马路Edificio Marbela,地下D",00853-63165088,820000,澳门特别行政区,1853,澳门特别行政区,820001,花地玛堂区,汽车服务,汽车服务相关,汽车服务相关,113.565217,22.202122,113.56015301187,22.205095352019665
B073D00CAR,区氏汽车零件服务中心,汽车服务;汽车配件销售;汽车配件销售,010800,渔翁街180号,[],820000,澳门特别行政区,1853,澳门特别行政区,820001,花地玛堂区,汽车服务,汽车配件销售,汽车配件销售,113.563864,22.201694,113.55879712320464,22.204664920265856
B0JK1CI3CM,志伟汽车服务,汽车服务;汽车服务相关;汽车服务相关,010000,马揸度博士大马路与劳动节大马路交叉口南20米,[],820000,澳门特别行政区,1853,澳门特别行政区,820001,花地玛堂区,汽车服务,汽车服务相关,汽车服务相关,113.564393,22.20264,113.55932721215244,22.20561214788858
B0FFI7KJLR,万事得汽车零件中心,汽车服务;汽车配件销售;汽车配件销售,010800,马揸度博士大马路与圆台街交叉口西南40米,00853-28719492,820000,澳门特别行政区,1853,澳门特别行政区,820001,花地玛堂区,汽车服务,汽车配件销售,汽车配件销售,113.562504,22.202248,113.55743407977523,22.20521674068454
B0FFHD37LU,福特汽车陈列室,汽车服务;汽车配件销售;汽车配件销售,010800,"马揸度博士大马路393号,Edificio Industrial Chong Fong",[],820000,澳门特别行政区,1853,澳门特别行政区,820001,花地玛堂区,汽车服务,汽车配件销售,汽车配件销售,113.56254,22.202381,113.55747015190686,22.20534985015012
B0FFI7B5PO,澳门华达汽车零件行,汽车服务;汽车服务相关;汽车服务相关,010000,马揸度博士大马路与圆台街交叉口西南40米,[],820000,澳门特别行政区,1853,澳门特别行政区,820001,花地玛堂区,汽车服务,汽车服务相关,汽车服务相关,113.562504,22.202248,113.55743407977523,22.20521674068454
B073D00K8U,中国石化加油站(劳动节大马路),汽车服务;加油站;中国石化,010101,劳动节大马路511号,00853-28787731,820000,澳门特别行政区,1853,澳门特别行政区,820001,花地玛堂区,汽车服务,加油站,中国石化,113.562364,22.205121,113.5572935825379,22.208090477516244
B073D0M34J,埃索加油站(东北大马路),汽车服务;加油站;埃索,010111,东北大马路与黑沙环中街交叉口东北60米,[],820000,澳门特别行政区,1853,澳门特别行政区,820001,花地玛堂区,汽车服务,加油站,埃索,113.56336,22.206714,113.55829169731038,22.209685769179305
B073D0M766,洪晖车屋,汽车服务;二手车交易;二手车交易,011000,黑沙环中街345号,00853-28519619,820000,澳门特别行政区,1853,澳门特别行政区,820001,花地玛堂区,汽车服务,二手车交易,二手车交易,113.561102,22.207514,113.55602856301836,22.21048201982213
B073D00BED,力天汽车音响防盗,汽车服务;汽车配件销售;汽车配件销售,010800,黑沙环中街83号,00853-28525201,820000,澳门特别行政区,1853,澳门特别行政区,820001,花地玛堂区,汽车服务,汽车配件销售,汽车配件销售,113.562013,22.206733,113.55694168889764,22.20970240116075
B073D00B1Q,龙昌汽车用品中心,汽车服务;汽车配件销售;汽车配件销售,010800,劳动节大马路340、346,00853-28765306,820000,澳门特别行政区,1853,澳门特别行政区,820001,花地玛堂区,汽车服务,汽车配件销售,汽车配件销售,113.561089,22.205805,113.55601564219572,22.208772414867106
B073D00B1W,新形象汽车护理专门店,汽车服务;汽车养护/装饰;汽车养护,010400,劳动节大马路390号,[],820000,澳门特别行政区,1853,澳门特别行政区,820001,花地玛堂区,汽车服务,汽车养护/装饰,汽车养护,113.561426,22.205527,113.55635343202438,22.20849493315886
B073D00CUR,富德汽车用品公司,汽车服务;汽车配件销售;汽车配件销售,010800,"东北大马路411号,Edificio Kam Hoi San(bloco 6)",00853-28763548,820000,澳门特别行政区,1853,澳门特别行政区,820001,花地玛堂区,汽车服务,汽车配件销售,汽车配件销售,113.561565,22.205411,113.5564927565373,22.2083791451598
B0KRRHW721,车世代汽车有限公司,汽车服务;汽车服务相关;汽车服务相关,010000,黑沙环中街975号,[],820000,澳门特别行政区,1853,澳门特别行政区,820001,花地玛堂区,汽车服务,汽车服务相关,汽车服务相关,113.562612,22.208384,113.55754193011616,22.211355026094672
B073D00AVU,安行胶轮,汽车服务;汽车配件销售;汽车配件销售,010800,黑沙环新街191号,[],820000,澳门特别行政区,1853,澳门特别行政区,820001,花地玛堂区,汽车服务,汽车配件销售,汽车配件销售,113.559567,22.205592,113.55449011163692,22.208556518170607
B073D00CUN,利辉胶轮汽车用品,汽车服务;汽车配件销售;汽车配件销售,010800,劳动节大马路500号,00853-28336643,820000,澳门特别行政区,1853,澳门特别行政区,820001,花地玛堂区,汽车服务,汽车配件销售,汽车配件销售,113.562204,22.204889,113.55713323747932,22.207858113647664
B0KDY9T1VL,辉记胶轮,汽车服务;汽车配件销售;汽车配件销售,010800,"Macao劳动节大马路500号,Edificio Kwong Wa(bloco 8)地下C铺",00853-28768087,820000,澳门特别行政区,1853,澳门特别行政区,820001,花地玛堂区,汽车服务,汽车配件销售,汽车配件销售,113.562094,22.204865,113.55702299099931,22.207833909188523
B073D00CUQ,卓越汽车玻璃,汽车服务;汽车配件销售;汽车配件销售,010800,"花地玛堂区劳动节大马路544,588",00853-28761858,820000,澳门特别行政区,1853,澳门特别行政区,820001,花地玛堂区,汽车服务,汽车配件销售,汽车配件销售,113.56247,22.204673,113.55739984893584,22.2076425124132
B073D00BB9,万通胶轮,汽车服务;汽车配件销售;汽车配件销售,010800,永华街42-44号附近,[],820000,澳门特别行政区,1853,澳门特别行政区,820001,花地玛堂区,汽车服务,汽车配件销售,汽车配件销售,113.557911,22.207524,113.55283002724327,22.21048600152876
B073D00ADE,大华汽车零件行,汽车服务;汽车配件销售;汽车配件销售,010800,涌河新街63号,[],820000,澳门特别行政区,1853,澳门特别行政区,820001,花地玛堂区,汽车服务,汽车配件销售,汽车配件销售,113.559226,22.204821,113.55414835407872,22.20778460991229
B073D0M7JV,鸿威车行,汽车服务;汽车养护/装饰;汽车养护,010400,马场东大马路371号,00853-28425388,820000,澳门特别行政区,1853,澳门特别行政区,820001,花地玛堂区,汽车服务,汽车养护/装饰,汽车养护,113.559118,22.209715,113.55403978514067,22.212680066333675
B073D00CJD,壳牌加油站(马场海边马路),汽车服务;加油站;壳牌,010103,马场海边马路,[],820000,澳门特别行政区,1853,澳门特别行政区,820001,花地玛堂区,汽车服务,加油站,壳牌,113.557483,22.205916,113.55240108869477,22.20887661753278
B0I34RF3W3,GoGoGlean(明捷汽车服务),汽车服务;汽车服务相关;汽车服务相关,010000,黑沙环海边马路110-118号,00853-63372500,820000,澳门特别行政区,1853,澳门特别行政区,820001,花地玛堂区,汽车服务,汽车服务相关,汽车服务相关,113.558739,22.20437,113.55366022268043,22.207332526780192
B073D0M783,新亿利车行,汽车服务;二手车交易;二手车交易,011000,马交石街与黑沙环新街交叉口东北60米,00853-28350207,820000,澳门特别行政区,1853,澳门特别行政区,820001,花地玛堂区,汽车服务,二手车交易,二手车交易,113.562162,22.204046,113.55709119661226,22.207014750350705
B0K3MZH4H9,Wake Up Auto Detailing唤醒汽车美容,汽车服务;汽车养护/装饰;汽车养护,010400,澳门顺景广场86号,00853-65667676,820000,澳门特别行政区,1853,澳门特别行政区,820001,花地玛堂区,汽车服务,汽车养护/装饰,汽车养护,113.558904,22.209919,113.5538252625178,22.21288372716772
B0ID71282G,祐汉公园停车场充电站,汽车服务;充电站;充电站,011100,澳门祐汉公园下面,[],820000,澳门特别行政区,1853,澳门特别行政区,820001,花地玛堂区,汽车服务,充电站,充电站,113.556965,22.207916,113.55188169121712,22.21087627479564
B0J07UD7RK,龙华电脑洗车美容中心,汽车服务;汽车服务相关;汽车服务相关,010000,涌河新巷11号永坚工业大厦地下,[],820000,澳门特别行政区,1853,澳门特别行政区,820001,花地玛堂区,汽车服务,汽车服务相关,汽车服务相关,113.558521,22.204176,113.55344171268642,22.20713804163593
B0FFI7FJAN,百路达租车,汽车服务;汽车租赁;汽车租赁,010900,高利亚海军上将大马路与慕拉士大马路交叉口北80米,00853-28283399,820000,澳门特别行政区,1853,澳门特别行政区,820001,花地玛堂区,汽车服务,汽车租赁,汽车租赁,113.556993,22.20493,113.55190995086998,22.20788931413425
B073D00CLO,大通胶轮汽车用品公司,汽车服务;汽车配件销售;汽车配件销售,010800,高利亚海军上将大马路71号激成工业中心第3期地下N,00853-28332998,820000,澳门特别行政区,1853,澳门特别行政区,820001,花地玛堂区,汽车服务,汽车配件销售,汽车配件销售,113.55726,22.204754,113.55217761757852,22.207713781969936
B0J075G8GZ,快洁汽车美容中心,汽车服务;汽车养护/装饰;汽车养护,010400,黑沙环第五街1号文丰工业大厦G层(快洁汽车美容),[],820000,澳门特别行政区,1853,澳门特别行政区,820001,花地玛堂区,汽车服务,汽车养护/装饰,汽车养护,113.556407,22.206451,113.55132240547184,22.209409664678365
B073D00ATJ,益顺车行,汽车服务;二手车交易;二手车交易,011000,花地玛堂区黑沙环第三街68号,00853-28482833,820000,澳门特别行政区,1853,澳门特别行政区,820001,花地玛堂区,汽车服务,二手车交易,二手车交易,113.556077,22.206227,113.55099159843468,22.209184925017286
B073D0M7HF,金宏车行,汽车服务;二手车交易;二手车交易,011000,区神父街319号,[],820000,澳门特别行政区,1853,澳门特别行政区,820001,花地玛堂区,汽车服务,二手车交易,二手车交易,113.558433,22.202737,113.55335359316538,22.20569837841385
B0K27958IW,Helmet Emarket Macau,汽车服务;汽车配件销售;汽车配件销售,010800,黑沙环第五街1号609C文丰同创汇6楼,[],820000,澳门特别行政区,1853,澳门特别行政区,820001,花地玛堂区,汽车服务,汽车配件销售,汽车配件销售,113.556061,22.205805,113.55097558547163,22.20876274897536
B0FFMHXZ8C,速洁自动洗车便利店,汽车服务;洗车场;洗车场,010500,澳门黑沙环第一街锦兴大厦地下46号,00853-68281182,820000,澳门特别行政区,1853,澳门特别行政区,820001,花地玛堂区,汽车服务,洗车场,洗车场,113.555696,22.205826,113.55060967061654,22.20878301747256
B0ID712FSS,望善楼停车场充电站,汽车服务;充电站;充电站,011100,澳门望厦社屋第一期,[],820000,澳门特别行政区,1853,澳门特别行政区,820001,花地玛堂区,汽车服务,充电站,充电站,113.556959,22.203452,113.55187596161632,22.2064107406528
B073D00BET,联国汽车零件中心,汽车服务;汽车配件销售;汽车配件销售,010800,如意广场与菜园路交叉口东60米,00853-28420990,820000,澳门特别行政区,1853,澳门特别行政区,820001,花地玛堂区,汽车服务,汽车配件销售,汽车配件销售,113.557528,22.211152,113.55244586404352,22.214114477424364
B0KUR14B2F,黑马专业汽车美容,汽车服务;汽车养护/装饰;汽车养护,010400,"336号Rda Tribuna,Macao",00853-66693467,820000,澳门特别行政区,1853,澳门特别行政区,820001,花地玛堂区,汽车服务,汽车养护/装饰,汽车养护,113.556738,22.210507,113.55165396597658,22.2134676985721
B0KUJAF31R,新浚汽车服务中心有限公司,汽车服务;汽车服务相关;汽车服务相关,010000,神父街八达新村地下EAEBECDZ座,[],820000,澳门特别行政区,1853,澳门特别行政区,820001,花地玛堂区,汽车服务,汽车服务相关,汽车服务相关,113.558285,22.20257,113.55320524761112,22.205531035194284
B0J0VUU9AD,车STATION,汽车服务;汽车配件销售;汽车配件销售,010800,黑沙环第一街42号地下,[],820000,澳门特别行政区,1853,澳门特别行政区,820001,花地玛堂区,汽车服务,汽车配件销售,汽车配件销售,113.555551,22.205864,113.5504643038827,22.20882073562763
B0K2ZL6H0Q,致专车业,汽车服务;汽车服务相关;汽车服务相关,010000,马场海边马路与黑沙环第七街交叉口东南20米,[],820000,澳门特别行政区,1853,澳门特别行政区,820001,花地玛堂区,汽车服务,汽车服务相关,汽车服务相关,113.555129,22.207103,113.55004115991429,22.210059294878857
B0FFIPK88B,顺兴发,汽车服务;汽车服务相关;汽车服务相关,010000,祐汉新村第二街25号附近,00853-66221355,820000,澳门特别行政区,1853,澳门特别行政区,820001,花地玛堂区,汽车服务,汽车服务相关,汽车服务相关,113.554976,22.20799,113.54988771551068,22.21094628156181
B073D00AU0,通达汽车用品,汽车服务;汽车配件销售;汽车配件销售,010800,黑沙环第二街,[],820000,澳门特别行政区,1853,澳门特别行政区,820001,花地玛堂区,汽车服务,汽车配件销售,汽车配件销售,113.55501,22.206319,113.54992190855792,22.20927478393732
B073D0M7IK,大新汽车美容,汽车服务;汽车养护/装饰;汽车养护,010400,工业街23号,[],820000,澳门特别行政区,1853,澳门特别行政区,820001,花地玛堂区,汽车服务,汽车养护/装饰,汽车养护,113.55523,22.204684,113.55014256997768,22.2076396774346
B073D00C29,K.C汽车精品服务店,汽车服务;汽车配件销售;汽车配件销售,010800,长寿大马路488号,[],820000,澳门特别行政区,1853,澳门特别行政区,820001,花地玛堂区,汽车服务,汽车配件销售,汽车配件销售,113.556526,22.211386,113.55144138529997,22.21434657084684
B073D0M4SG,铭骏汽车服务中心,汽车服务;汽车服务相关;汽车服务相关,010000,祐汉新村第一街西50米,00853-28403928,820000,澳门特别行政区,1853,澳门特别行政区,820001,花地玛堂区,汽车服务,汽车服务相关,汽车服务相关,113.554612,22.208573,113.54952275232722,22.21152872791825
B0FFLHJ0HK,亨利汽车影音工程,汽车服务;汽车服务相关;汽车服务相关,010000,澳门佑汉第五街牡丹楼地下30(新苗后门对面),00853-66818533,820000,澳门特别行政区,1853,澳门特别行政区,820001,花地玛堂区,汽车服务,汽车服务相关,汽车服务相关,113.554589,22.20849,113.5494996989618,22.211445652218945
B073D00B0H,星华汽车用品电脑美容中心,汽车服务;汽车养护/装饰;汽车养护,010400,永定街85号,00853-28436025,820000,澳门特别行政区,1853,澳门特别行政区,820001,花地玛堂区,汽车服务,汽车养护/装饰,汽车养护,113.554836,22.21033,113.54974721038016,22.21328678361668
B073D0M4BN,新创建车行有限公司,汽车服务;二手车交易;二手车交易,011000,祐汉新村第八街17号,00853-28988988,820000,澳门特别行政区,1853,澳门特别行政区,820001,花地玛堂区,汽车服务,二手车交易,二手车交易,113.554437,22.209662,113.54934723578556,22.21261773299842
B073D00AIR,永达汽车美容用品中心,汽车服务;汽车养护/装饰;汽车养护,010400,祐汉新村第四街北50米,[],820000,澳门特别行政区,1853,澳门特别行政区,820001,花地玛堂区,汽车服务,汽车养护/装饰,汽车养护,113.554277,22.208212,113.54918691889328,22.211166910298694
B0JULRZND4,匠人汽车有限公司龙园店,汽车服务;汽车服务相关;汽车服务相关,010000,黑沙环马路与工业街交叉口西南40米,[],820000,澳门特别行政区,1853,澳门特别行政区,820001,花地玛堂区,汽车服务,汽车服务相关,汽车服务相关,113.554619,22.204416,113.54953003593089,22.20737032798514
B0KU59S3EH,超凡洗车屋,汽车服务;洗车场;洗车场,010500,"Estrdos Cavaleiros,Macao",00853-28271156,820000,澳门特别行政区,1853,澳门特别行政区,820001,花地玛堂区,汽车服务,洗车场,洗车场,113.553911,22.208298,113.54881997285824,22.211252175026527
B0FFL6EJZZ,音速动力,汽车服务;汽车配件销售;汽车配件销售,010800,莲峰街与制造厂巷交叉口南20米,00853-66669637,820000,澳门特别行政区,1853,澳门特别行政区,820001,花地玛堂区,汽车服务,汽车配件销售,汽车配件销售,113.553809,22.205333,113.54871789945652,22.20828595318559
B0G0448EJ7,澳门台记拖车,汽车服务;汽车救援;汽车救援,010700,观音堂街101号MO观音堂街101号祐喜大厦第一座地下L,00853-66133595,820000,澳门特别行政区,1853,澳门特别行政区,820001,花地玛堂区,汽车服务,汽车救援,汽车救援,113.555539,22.202428,113.55045249327536,22.205383534593988
B0ID712FS9,望贤楼停车场充电站,汽车服务;充电站;充电站,011100,澳门望厦社会房屋望贤楼内之停车场,[],820000,澳门特别行政区,1853,澳门特别行政区,820001,花地玛堂区,汽车服务,充电站,充电站,113.554795,22.202765,113.54970658971338,22.205719125468928
B0KDY1YUAZ,Max Modify,汽车服务;汽车养护/装饰;汽车养护,010400,"Edificio O K Garden,Rampa de Dom Maria II,Macao",00853-28747653,820000,澳门特别行政区,1853,澳门特别行政区,820001,花地玛堂区,汽车服务,汽车养护/装饰,汽车养护,113.559487,22.200275,113.55441026215156,22.203237540592312
B0KK3RXCJV,车达人的士有限公司,汽车服务;汽车服务相关;汽车服务相关,010000,马交石嚤啰园路13号昌龙工业大厦地下B座,[],820000,澳门特别行政区,1853,澳门特别行政区,820001,花地玛堂区,汽车服务,汽车服务相关,汽车服务相关,113.559331,22.200303,113.55425389137407,22.20326525528034
B073D0MQFD,快富车行,汽车服务;汽车服务相关;汽车服务相关,010000,士多鸟拜斯大马路与美副将大马路交叉口西南60米,[],820000,澳门特别行政区,1853,澳门特别行政区,820003,望德堂区,汽车服务,汽车服务相关,汽车服务相关,113.557266,22.198576,113.55218402684125,22.2015336641294
B0KAYR3PIN,宏盛汽车有限公司,汽车服务;汽车服务相关;汽车服务相关,010000,澳门濠江中学附近,[],820000,澳门特别行政区,1853,澳门特别行政区,820001,花地玛堂区,汽车服务,汽车服务相关,汽车服务相关,113.55938,22.20085,113.55430297246744,22.203812537150885
B073D0MQDM,加德士加油站(罗理基博士大马路),汽车服务;加油站;加德士,010105,罗理基博士大马路与马六甲街交叉口东北40米,[],820000,澳门特别行政区,1853,澳门特别行政区,820004,大堂区,汽车服务,加油站,加德士,113.558357,22.193992,113.5532779686116,22.19695019082857
B0H06CEPBK,富德汽车用品(亨达店),汽车服务;汽车服务相关;汽车服务相关,010000,渔翁街456-470号亨达大厦地下WXY铺,00853-68600303,820000,澳门特别行政区,1853,澳门特别行政区,820001,花地玛堂区,汽车服务,汽车服务相关,汽车服务相关,113.560992,22.201486,113.55591869466838,22.204451756615867
B0KD01XAOP,Honda本田澳门陈列室,汽车服务;汽车养护/装饰;汽车养护,010400,"MacaoRdos Pescadores,354-408号地下C-D铺",[],820000,澳门特别行政区,1853,澳门特别行政区,820001,花地玛堂区,汽车服务,汽车养护/装饰,汽车养护,113.562001,22.20144,113.55692999938712,22.20440756691593
B073D00BK7,孖宝汽车零件行,汽车服务;汽车配件销售;汽车配件销售,010800,花地玛堂区渔翁街482号,[],820000,澳门特别行政区,1853,澳门特别行政区,820001,花地玛堂区,汽车服务,汽车配件销售,汽车配件销售,113.561022,22.201454,113.5559487657449,22.204419800451628
B0ID710RKW,交通事务局大楼停车场充电站,汽车服务;充电站;充电站,011100,澳门交通事务局大楼1F-4F,[],820000,澳门特别行政区,1853,澳门特别行政区,820001,花地玛堂区,汽车服务,充电站,充电站,113.558327,22.200987,113.55324744985604,22.203947570853938
B073D00BDF,兴隆专门店,汽车服务;汽车配件销售;汽车配件销售,010800,花地玛堂区马揸度博士大马路505号,00853-28761772,820000,澳门特别行政区,1853,澳门特别行政区,820001,花地玛堂区,汽车服务,汽车配件销售,汽车配件销售,113.561464,22.202015,113.55639174283996,22.204981798175385
B0J1KR4X3C,车迷汽车用品中心,汽车服务;汽车配件销售;汽车配件销售,010800,慕拉士街与慕拉士大马路交叉口北20米,[],820000,澳门特别行政区,1853,澳门特别行政区,820001,花地玛堂区,汽车服务,汽车配件销售,汽车配件销售,113.559949,22.202099,113.55487323284028,22.205063038324457
B0ID7127YV,马六甲街停车场充电站,汽车服务;充电站;充电站,011100,澳门马六甲街旁介乎罗理基博士大马路与高美士街之间,[],820000,澳门特别行政区,1853,澳门特别行政区,820004,大堂区,汽车服务,充电站,充电站,113.558308,22.193088,113.55322890833152,22.196045777857464
B073D00CPH,安迪汽车配件,汽车服务;汽车配件销售;汽车配件销售,010800,文第士街27-A,[],820000,澳门特别行政区,1853,澳门特别行政区,820003,望德堂区,汽车服务,汽车配件销售,汽车配件销售,113.555935,22.199119,113.55084969788528,22.20207419465151
B0ID712FSJ,澳门新雅马路充电站,汽车服务;充电站;充电站,011100,新雅马路,[],820000,澳门特别行政区,1853,澳门特别行政区,820001,花地玛堂区,汽车服务,充电站,充电站,113.557473,22.201771,113.5523913290119,22.20473017734833
B073D00CD4,埃索加油站(马交石斜坡),汽车服务;加油站;埃索,010111,马交石斜坡45-47号,[],820000,澳门特别行政区,1853,澳门特别行政区,820001,花地玛堂区,汽车服务,加油站,埃索,113.556594,22.202019,113.55151015219334,22.204976521530707
B073D00DN4,澳仕(百惠)汽车用品,汽车服务;汽车配件销售;汽车配件销售,010800,高甸玉街3号A-D,00853-28525435,820000,澳门特别行政区,1853,澳门特别行政区,820003,望德堂区,汽车服务,汽车配件销售,汽车配件销售,113.55505,22.199947,113.54996241719913,22.202900678188342
B0KD0OXQ39,Avis Macau,汽车服务;汽车服务相关;汽车服务相关,010000,友谊大马路与蒙地卡罗前地交叉口南120米,00853-28336789,820000,澳门特别行政区,1853,澳门特别行政区,820004,大堂区,汽车服务,汽车服务相关,汽车服务相关,113.558337,22.189357,113.55325821628333,22.192313512502672
B073D00G44,华国租车,汽车服务;汽车租赁;汽车租赁,010900,友谊大马路956号,[],820000,澳门特别行政区,1853,澳门特别行政区,820004,大堂区,汽车服务,汽车租赁,汽车租赁,113.557916,22.18913,113.55283621374652,22.19208561500617
B0ID712O4Y,氹仔客运码头停车场充电站,汽车服务;充电站;充电站,011100,氹仔客运码头前地地下,[],820000,澳门特别行政区,1853,澳门特别行政区,820006,嘉模堂区,汽车服务,充电站,充电站,113.582902,22.159652,113.57787140296168,22.16263265938824
B073D00JLC,南光石油加油站(伟龙马路),汽车服务;加油站;加油站,010100,酒店斜路与信安马路交叉口西北20米,[],820000,澳门特别行政区,1853,澳门特别行政区,820006,嘉模堂区,汽车服务,加油站,加油站,113.578553,22.158489,113.57351624251116,22.1614648899234
B0K3MZS3W0,永利皇宫接驳车站(东门),汽车服务;汽车租赁;汽车租赁,010900,霍英东马路科技大学,[],820000,澳门特别行政区,1853,澳门特别行政区,820007,路氹填海区,汽车服务,汽车租赁,汽车租赁,113.578189,22.144571,113.57315256415104,22.147541102365818
B0HK25U50L,建诚汽车服务中心,汽车服务;汽车服务相关;汽车服务相关,010000,信安马路与永福街交叉口东南60米,[],820000,澳门特别行政区,1853,澳门特别行政区,820006,嘉模堂区,汽车服务,汽车服务相关,汽车服务相关,113.573743,22.159332,113.56869828668395,22.16230245790311
B0J2N9IHBT,匠人汽车有限公司,汽车服务;汽车服务相关;汽车服务相关,010000,信安马路与永福街交叉口西南20米,[],820000,澳门特别行政区,1853,澳门特别行政区,820006,嘉模堂区,汽车服务,汽车服务相关,汽车服务相关,113.573081,22.159526,113.5680351044264,22.16249566082097
B0J2YZH15X,日丽汽车美容及用品有限公司,汽车服务;汽车养护/装饰;汽车养护,010400,信安马路与北安前地交叉口东南20米,[],820000,澳门特别行政区,1853,澳门特别行政区,820006,嘉模堂区,汽车服务,汽车养护/装饰,汽车养护,113.572708,22.15961,113.56766143121476,22.162579193712755
B0KDY1UROI,Challenger挑战者澳门汽车美容服务(葡京人店),汽车服务;汽车养护/装饰;汽车养护,010400,"Rda Patinagem,Macao",[],820000,澳门特别行政区,1853,澳门特别行政区,820007,路氹填海区,汽车服务,汽车养护/装饰,汽车养护,113.577956,22.138592,113.5729195809478,22.14155948390268
B0ID712FRS,湖畔大厦停车场充电站,汽车服务;充电站;充电站,011100,凼仔湖畔大厦内,[],820000,澳门特别行政区,1853,澳门特别行政区,820006,嘉模堂区,汽车服务,充电站,充电站,113.566074,22.155845,113.56101476461612,22.15880288912974
B0ID71ZR9S,三家村充电站,汽车服务;充电站;充电站,011100,三家村,[],820000,澳门特别行政区,1853,澳门特别行政区,820006,嘉模堂区,汽车服务,充电站,充电站,113.565199,22.1555,113.56013794199096,22.15845631843696
B0KGYUCQ98,三和汽车租赁有限公司,汽车服务;汽车租赁;汽车租赁,010900,澳门路氹填海区邻近路环电厂圆形地葡京人酒店地面层G8011L06铺,19168884455,820000,澳门特别行政区,1853,澳门特别行政区,820007,路氹填海区,汽车服务,汽车租赁,汽车租赁,113.578787,22.135943,113.57375202912904,22.138910342759218
B0KDY1Z1Z6,Central Termica De Coloane,汽车服务;汽车服务相关;汽车服务相关,010000,"4HQH+772,Estrada da Barragem de Ka Ho,Macao",00853-28339933,820000,澳门特别行政区,1853,澳门特别行政区,820008,圣方济各堂区,汽车服务,汽车服务相关,汽车服务相关,113.583159,22.135164,113.57813029420517,22.138135332609057
B0KDY9XLPS,Gismo&Tesoro,汽车服务;汽车养护/装饰;汽车养护,010400,莲花路与溜冰路交叉口东120米,00853-28711889,820000,澳门特别行政区,1853,澳门特别行政区,820007,路氹填海区,汽车服务,汽车养护/装饰,汽车养护,113.578623,22.13588,113.57358778297852,22.138847139959463
B0K06Y4409,Land Rover Macau-Vang Iek Motors Limited,汽车服务;二手车交易;二手车交易,011000,"r/c,Lojas F,G,H,EdifKingsville,No.675 AvOlimpica,Macao",00853-28521212,820000,澳门特别行政区,1853,澳门特别行政区,820006,嘉模堂区,汽车服务,二手车交易,二手车交易,113.564476,22.15398,113.55941349010756,22.15693452182141
B0KDY1YEQK,Queens Wash葵扇洗车俱乐部-氹仔,汽车服务;洗车场;洗车场,010500,"343 Rdo Porto,Macao",00853-66811800,820000,澳门特别行政区,1853,澳门特别行政区,820006,嘉模堂区,汽车服务,洗车场,洗车场,113.56377,22.1564,113.55870580274566,22.15935424790728
B073D00J4Y,荣乐汽车用品美容中心,汽车服务;汽车养护/装饰;汽车养护,010400,南京街与奥林匹克大马路交叉口西北40米,[],820000,澳门特别行政区,1853,澳门特别行政区,820006,嘉模堂区,汽车服务,汽车养护/装饰,汽车养护,113.56365,22.153973,113.55858569449391,22.156926108604853
B073D0M6N5,骏联汽车用品服务中心有限公司,汽车服务;汽车服务相关;汽车服务相关,010000,奥林匹克大马路华南工业大厦地下A,[],820000,澳门特别行政区,1853,澳门特别行政区,820006,嘉模堂区,汽车服务,汽车服务相关,汽车服务相关,113.563801,22.153464,113.55873705734952,22.156417172327533
B073D00J9X,新花城胶轮,汽车服务;汽车配件销售;汽车配件销售,010800,凼仔奥林匹克大马路481-487号,00853-28843784,820000,澳门特别行政区,1853,澳门特别行政区,820006,嘉模堂区,汽车服务,汽车配件销售,汽车配件销售,113.56301,22.153708,113.55794430017636,22.15665989473074
B0ID7138ST,氹仔中央公园停车场充电站,汽车服务;充电站;充电站,011100,氹仔中央公园地下,[],820000,澳门特别行政区,1853,澳门特别行政区,820006,嘉模堂区,汽车服务,充电站,充电站,113.559666,22.15611,113.5545925005428,22.15905674584742
B0K0LAW5O1,香港易充站汽车充电站(澳门银河保时捷专用),汽车服务;充电站;充电站,011100,半岛路氹城澳门银河停车场P2 Zone C,[],820000,澳门特别行政区,1853,澳门特别行政区,820007,路氹填海区,汽车服务,充电站,充电站,113.561068,22.144703,113.55599848813524,22.14764791954751
B0K3MZQLWT,新豪影汇接驳车乘车处,汽车服务;汽车租赁;汽车租赁,010900,莲花路与新城大马路交叉口东北300米,[],820000,澳门特别行政区,1853,澳门特别行政区,820007,路氹填海区,汽车服务,汽车租赁,汽车租赁,113.565373,22.138903,113.56031336680722,22.141853127583506
B0ID7131XJ,莲花路停车场充电站,汽车服务;充电站;充电站,011100,路氹莲花路路氹城边检大楼旁,[],820000,澳门特别行政区,1853,澳门特别行政区,820007,路氹填海区,汽车服务,充电站,充电站,113.565289,22.135813,113.56022938509058,22.138761759526496
B0KDY1VMLV,Challenger挑战者澳门汽车美容服务,汽车服务;汽车养护/装饰;汽车养护,010400,"星皓广场停车场一层,515号广东大马路澳门",[],820000,澳门特别行政区,1853,澳门特别行政区,820006,嘉模堂区,汽车服务,汽车养护/装饰,汽车养护,113.557634,22.157604,113.55255553972248,22.16054741662628
B073D0M6L6,壳牌加油站(柯维纳马路),汽车服务;加油站;壳牌,010103,柯维纳马路与沙维斯街交叉口南20米,[],820000,澳门特别行政区,1853,澳门特别行政区,820006,嘉模堂区,汽车服务,加油站,壳牌,113.555472,22.154234,113.55038840156186,22.157171802162846
B0KDY9RRI0,Challenger Car Wash,汽车服务;汽车养护/装饰;汽车养护,010400,"Broadway Macau,Broadway Food Street,C-GO02-GO04,莲花海滨大马路澳门",[],820000,澳门特别行政区,1853,澳门特别行政区,820007,路氹填海区,汽车服务,汽车养护/装饰,汽车养护,113.556831,22.144824,113.55175138719818,22.147760881544784
B0FFGKR4DW,澳门验车保险,汽车服务;汽车服务相关;汽车服务相关,010000,圣方济各堂区联生海滨路30号附近,[],820000,澳门特别行政区,1853,澳门特别行政区,820008,圣方济各堂区,汽车服务,汽车服务相关,汽车服务相关,113.556675,22.121718,113.55159647431518,22.12464531517169
B0H6P7S4KM,PRO Tech MeiKai Motor,汽车服务;汽车服务相关;汽车服务相关,010000,蒲桃街与金凤路交叉口西南40米,[],820000,澳门特别行政区,1853,澳门特别行政区,820008,圣方济各堂区,汽车服务,汽车服务相关,汽车服务相关,113.557947,22.122163,113.55287155754203,22.12509300354122
B0K2BY7O7Y,黑沙越野车场更改,汽车服务;汽车养护/装饰;汽车养护,010400,澳门Hac Sa Park,00853-28315566,820000,澳门特别行政区,1853,澳门特别行政区,820008,圣方济各堂区,汽车服务,汽车养护/装饰,汽车养护,113.575534,22.119663,113.57049486826617,22.122620011751483
B0ID712801,居雅大厦停车场充电站,汽车服务;充电站;充电站,011100,路环石排湾居雅大厦南面,[],820000,澳门特别行政区,1853,澳门特别行政区,820008,圣方济各堂区,汽车服务,充电站,充电站,113.565421,22.126016,113.56036228750378,22.128961036655497
B0JK1CJGOD,路环清洗中心,汽车服务;洗车场;洗车场,010500,樟树街与红柯路交叉口东北220米,[],820000,澳门特别行政区,1853,澳门特别行政区,820007,路氹填海区,汽车服务,洗车场,洗车场,113.561003,22.127622,113.55593442574056,22.130559993285885
B0ID7131ZQ,乐群楼停车场充电站,汽车服务;充电站;充电站,011100,位於路环石排湾乐群楼内之停车场,[],820000,澳门特别行政区,1853,澳门特别行政区,820008,圣方济各堂区,汽车服务,充电站,充电站,113.566283,22.127058,113.56122603015096,22.13000486830176
B0JK1CKHNY,毅进综合服务中心,汽车服务;汽车服务相关;汽车服务相关|生活服务;生活服务场所;生活服务场所,010000|070000,乐居大马路与和谐大马路交叉口东南100米,[],820000,澳门特别行政区,1853,澳门特别行政区,820008,圣方济各堂区,汽车服务,汽车服务相关,汽车服务相关|生活服务,113.566825,22.126831,113.5617691656856,22.12977864680038
B073D00J4D,澳门机动运动俱乐部,汽车服务;汽车俱乐部;汽车俱乐部,010600,石排湾路环小型赛车场,[],820000,澳门特别行政区,1853,澳门特别行政区,820007,路氹填海区,汽车服务,汽车俱乐部,汽车俱乐部,113.565977,22.129508,113.56091923598672,22.13245536170164
B0KA2CDLXD,力记电单车美容,汽车服务;汽车养护/装饰;汽车养护|生活服务;生活服务场所;生活服务场所,010400|070000,罜累巷8号永发大厦,[],820000,澳门特别行政区,1853,澳门特别行政区,820002,花王堂区,汽车服务,汽车养护/装饰,汽车养护|生活服务,113.543783,22.199273,113.5386646649374,22.202201124237767
B0JK1CKHNY,毅进综合服务中心,汽车服务;汽车服务相关;汽车服务相关|生活服务;生活服务场所;生活服务场所,010000|070000,乐居大马路与和谐大马路交叉口东南100米,[],820000,澳门特别行政区,1853,澳门特别行政区,820008,圣方济各堂区,汽车服务,汽车服务相关,汽车服务相关|生活服务,113.566825,22.126831,113.5617691656856,22.12977864680038
B0KD01WFUM,Exotics Tuning Macau,汽车服务;汽车养护/装饰;汽车养护|公司企业;公司;公司,010400|170200,罗神父街与雅廉访大马路交叉口北60米,00853-63307373,820000,澳门特别行政区,1853,澳门特别行政区,820002,花王堂区,汽车服务,汽车养护/装饰,汽车养护|公司企业,113.552511,22.201954,113.54741673557596,22.204903040523806
